{"cameraMode":{"drawMode":0,"name":"Shaded","section":"Shading Mode"},"sceneLighting":false,"audioPlay":false,"sceneViewState":{"showFog":true,"showMaterialUpdate":false,"showSkybox":false,"showFlares":true,"showImageEffects":true,"showParticleSystems":true},"in2DMode":false,"pivot":{"x":-31.87313461303711,"y":-8.865108489990235,"z":-11.187887191772461},"rotation":{"x":0.13919010758399964,"y":-0.5166086554527283,"z":0.08504000306129456,"w":0.8407710790634155},"size":40.078975677490237,"orthographic":false}