{"cameraMode":{"drawMode":0,"name":"Shaded","section":"Shading Mode"},"sceneLighting":false,"audioPlay":false,"sceneViewState":{"showFog":true,"showMaterialUpdate":false,"showSkybox":false,"showFlares":true,"showImageEffects":true,"showParticleSystems":true},"in2DMode":false,"pivot":{"x":-131.25845336914063,"y":2.0565719604492189,"z":221.26234436035157},"rotation":{"x":-0.000016420488464063965,"y":0.993913471698761,"z":-0.0033352794125676157,"w":0.11148057132959366},"size":9.738961219787598,"orthographic":false}