{"cameraMode":{"drawMode":0,"name":"Shaded","section":"Shading Mode"},"sceneLighting":false,"audioPlay":false,"sceneViewState":{"showFog":true,"showMaterialUpdate":false,"showSkybox":false,"showFlares":true,"showImageEffects":true,"showParticleSystems":true},"in2DMode":false,"pivot":{"x":-9.24441146850586,"y":32.665260314941409,"z":4.082729339599609},"rotation":{"x":-0.13866069912910462,"y":0.22316451370716096,"z":-0.032104626297950748,"w":-0.9643549919128418},"size":57.5424919128418,"orthographic":false}